{"cameraMode":{"drawMode":0,"name":"Shaded","section":"Shading Mode"},"sceneLighting":true,"audioPlay":false,"sceneViewState":{"m_AlwaysRefresh":false,"showFog":true,"showSkybox":true,"showFlares":true,"showImageEffects":true,"showParticleSystems":true,"showVisualEffectGraphs":true,"m_FxEnabled":true},"in2DMode":false,"pivot":{"x":-0.0653756856918335,"y":-0.8027210235595703,"z":-0.10541734099388123},"rotation":{"x":-0.01654777117073536,"y":-0.013254857622087002,"z":0.0021871181670576336,"w":1.000341773033142},"size":7.53026008605957,"orthographic":false}